ticker,date,exchange_platform,trade_volume,trade_price
nearusdt,2024-09-21T01:05:28.027+10:00,poloniex,77.24865,4.4408611650818495
bchusdt,2024-09-21T01:05:28.044+10:00,huobi,2.0342,344.3570637105497
foxyusdt,2024-09-21T01:05:28.016+10:00,bybit,4113.71,0.008805875630513575
notusdt,2024-09-21T01:05:28.049+10:00,mexc,155.66,0.0081
foxyusdt,2024-09-21T01:05:28.016+10:00,bybit,4113.71,0.008805875630513575
gameusdt,2024-09-21T01:05:28.053+10:00,huobi,3363.5621,0.003682
btcusdc,2024-09-21T01:05:28.059+10:00,huobi,0.012611,63895.296221552606
eurcusdt,2024-09-21T01:05:28.063+10:00,huobi,84.3545,1.1062
pandousdt,2024-09-21T01:05:28.066+10:00,huobi,97136.6601,1.36E-4
ceekusdt,2024-09-21T01:05:28.067+10:00,huobi,416.7426,0.0318
maskusdt,2024-09-21T01:05:28.072+10:00,mexc,0.54,2.352
linkusdt,2024-09-21T01:05:28.064+10:00,binance,217.43000000000004,11.622458262429284
luna2usdt,2024-09-21T01:05:28.074+10:00,mexc,3.13,0.40330000000000005
bomeusdt,2024-09-21T01:05:28.080+10:00,mexc,174.92,0.007203
quick2usdt,2024-09-21T01:05:28.084+10:00,binance,9752.0,0.048747320549630845
zelixusdt,2024-09-21T01:05:28.095+10:00,huobi,520269.7066,6.16E-5
xchusdt,2024-09-21T01:05:28.108+10:00,huobi,15.7352,14.338632093649904
scausdt,2024-09-21T01:05:28.108+10:00,huobi,357.89,0.3452296683338456
msnusdt,2024-09-21T01:05:28.112+10:00,huobi,614.74,0.11279999999999998
arktry,2024-09-21T01:05:28.101+10:00,binance,146.0,12.713972602739725
blurusdc,2024-09-21T01:05:28.096+10:00,binance,26.3,0.21
hifiusdt,2024-09-21T01:05:28.105+10:00,binance,191.7,0.4984
snxeth,2024-09-21T01:05:28.108+10:00,mexc,0.34,6.072E-4
radusdt,2024-09-21T01:05:28.132+10:00,huobi,15.4688,1.1164
tngospcrvusdusdt,2024-09-21T01:05:26.000+10:00,curvefiarbitrum,1.0E-13,0.9955552751947396
spausdt,2024-09-21T01:05:28.159+10:00,huobi,1886.18,0.006734
htusdt,2024-09-21T01:05:28.150+10:00,poloniex,702.90849,0.23808048168546087
avaxusdt,2024-09-21T01:05:28.162+10:00,mexc,34.07000000000001,28.073390079248597
ptpusdt,2024-09-21T01:05:28.154+10:00,mexc,7372.74,1.709E-4
1inchusdt,2024-09-21T01:05:28.170+10:00,binance,29.2,0.2736
forthusdt,2024-09-21T01:05:28.177+10:00,binance,34.379999999999995,3.2299013961605585
dogeusdt,2024-09-21T01:05:28.185+10:00,mexc,543.42,0.10687727963637703
aptusdt,2024-09-21T01:05:28.179+10:00,poloniex,60.094390000000004,6.819313745925368
forusdt,2024-09-21T01:05:28.149+10:00,bibox,166.638,0.003702
ltcbtc,2024-09-21T01:05:28.204+10:00,binance,2.754,0.001036
sweatusdt,2024-09-21T01:05:28.223+10:00,huobi,13530.3796,0.0072672518851503625
bblusdt,2024-09-21T01:05:28.234+10:00,huobi,21106.6793,0.00763
ethfiusdt,2024-09-21T01:05:28.228+10:00,kucoin,19.29,1.5669450492483155
ltceur,2024-09-21T01:05:28.316+10:00,gdax,1.7,59.27860235294117
popcatusdt,2024-09-21T01:05:28.213+10:00,bybit,1668.0200000000002,0.9257032211843981
popcatusdt,2024-09-21T01:05:28.213+10:00,bybit,1668.0200000000002,0.9257032211843981
flmusdt,2024-09-21T01:05:28.229+10:00,binance,9727.0,0.0602
opusdt,2024-09-21T01:05:28.240+10:00,binance,1212.69,1.6839276649432247
sfpusdt,2024-09-21T01:05:28.240+10:00,binance,8.0,0.758
synusd,2024-09-21T01:05:28.287+10:00,kraken,76.30586719,0.48430000000000006
oraiusdt,2024-09-21T01:05:28.253+10:00,mexc,44.43,5.828
soleur,2024-09-21T01:05:28.337+10:00,gdax,0.186,133.13
racausdt,2024-09-21T01:05:28.267+10:00,mexc,15615.82,1.6139990701737083E-4
deeznutsusdt,2024-09-21T01:05:28.279+10:00,mexc,5046.45,2.17E-4
tngospcrvusdusdc,2024-09-21T01:05:26.000+10:00,curvefiarbitrum,1.0E-13,0.9956311568473004
deeznutsusdt,2024-09-21T01:05:28.279+10:00,mexc,4954.95,2.19E-4
tsugtusdt,2024-09-21T01:05:28.264+10:00,kucoin,3742.8639,0.0032919166368833236
aktusdt,2024-09-21T01:05:28.283+10:00,huobi,18.509,2.7014
deeznutsusdt,2024-09-21T01:05:28.279+10:00,mexc,1159.31,2.2099999999999998E-4
xdcusdt,2024-09-21T01:05:28.287+10:00,huobi,1398.8378,0.028283
dydxbtc,2024-09-21T01:05:28.290+10:00,binance,327.66,1.536E-5
gasusdt,2024-09-21T01:05:28.305+10:00,huobi,24.9839,3.5857000000000006
fidausdt,2024-09-21T01:05:28.303+10:00,binance,3917.5,0.365977705169113
bttcusdt,2024-09-21T01:05:28.319+10:00,poloniex,6.48020281E8,9.052525095591878E-7
tngospageurusdc,2024-09-21T01:05:27.000+10:00,uniswapv3arbitrum,1.0E-13,1.1133449746335529
ethwusdt,2024-09-21T01:05:28.316+10:00,okex,154.05390000000003,2.1871847035355807
nearusdt,2024-09-21T01:05:28.356+10:00,poloniex,9.07899,4.442
clvusdt,2024-09-21T01:05:28.316+10:00,okex,514.936145,0.04409
ethwusdt,2024-09-21T01:05:28.362+10:00,kucoin,10.264800000000001,2.180625491972566
strkusdt,2024-09-21T01:05:28.383+10:00,binance,2481.38,0.403
fxsusdt,2024-09-21T01:05:28.398+10:00,huobi,153.17239999999998,2.003325761951892
pdausdt,2024-09-21T01:05:28.391+10:00,binance,8676.9,0.0489
ckbtry,2024-09-21T01:05:28.393+10:00,binance,30288.0,0.5922
mkrusdt,2024-09-21T01:05:28.400+10:00,poloniex,0.09210399999999999,1559.2730869451925
manausdt,2024-09-21T01:05:28.402+10:00,poloniex,1348.0162,0.3004314427155994
umausdt,2024-09-21T01:05:28.429+10:00,huobi,90.532,2.319642799673044
wifusdt,2024-09-21T01:05:28.423+10:00,binance,3287.22,1.8379873084247484
diausdt,2024-09-21T01:05:28.435+10:00,huobi,237.6061,0.3662496737247065
zetausdt,2024-09-21T01:05:28.434+10:00,huobi,192.1543,0.650945145229641
peopleusdt,2024-09-21T01:05:28.437+10:00,huobi,12453.106,0.06535833144272601
runeusdt,2024-09-21T01:05:28.437+10:00,huobi,46.909800000000004,4.548834600445962
sfundusdt,2024-09-21T01:05:28.429+10:00,kucoin,49.677,1.171
wifusdc,2024-09-21T01:05:28.430+10:00,binance,9.68,1.838
mndeusdt,2024-09-21T01:05:28.434+10:00,kucoin,384.6491,0.11171940706477669
ethweur,2024-09-21T01:05:28.472+10:00,kraken,84.0,1.938
dogeusdt,2024-09-21T01:05:28.441+10:00,poloniex,7470.038000000002,0.10688853315378044
firousdt,2024-09-21T01:05:28.450+10:00,binance,24.0,1.198
ethwusdt,2024-09-21T01:05:28.412+10:00,okex,298.95820000000003,2.188297659003833
polcusdt,2024-09-21T01:05:28.468+10:00,huobi,1847.453,0.007039
floki2usdt,2024-09-21T01:05:28.468+10:00,huobi,4100835.52,1.366432268294925E-4
dkausdt,2024-09-21T01:05:28.469+10:00,huobi,2768.6,0.020577634046088276
ethwusdt,2024-09-21T01:05:28.475+10:00,kucoin,0.0701,2.1858
pandorausdt,2024-09-21T01:05:28.496+10:00,huobi,0.038005,1439.4
cybertry,2024-09-21T01:05:28.484+10:00,binance,584.2,125.99999999999999
avaxusdt,2024-09-21T01:05:28.486+10:00,poloniex,17.152981000000004,28.092108445290055
zkjusdt,2024-09-21T01:05:28.491+10:00,mexc,1.09,1.1569
snxusdt,2024-09-21T01:05:28.507+10:00,mexc,0.82,1.544
aptusdt,2024-09-21T01:05:28.507+10:00,poloniex,13.55526,6.799462410901746
safeusdt,2024-09-21T01:05:28.522+10:00,huobi,237.3516,0.7289384633598425
wldusdt,2024-09-21T01:05:28.535+10:00,binance,2972.2,1.678012347755871
celousdt,2024-09-21T01:05:28.535+10:00,binance,1909.9,0.52736842766637
dechatusdt,2024-09-21T01:05:28.554+10:00,huobi,395.6577,0.2804
opusdt,2024-09-21T01:05:28.511+10:00,okex,121.81230000000001,1.6836934587886445
avaxusdt,2024-09-21T01:05:28.516+10:00,okex,52.090467000000004,28.06216052587895
btceur,2024-09-21T01:05:28.642+10:00,gdax,1.5563E-4,57222.48999999999
cvxusdt,2024-09-21T01:05:28.572+10:00,huobi,19.7312,2.1008
usdcusdt,2024-09-21T01:05:28.575+10:00,binance,24964.0,0.9998929979170003
agldusdt,2024-09-21T01:05:28.468+10:00,bibox,0.1017,0.9007000000000001
shrapusdt,2024-09-21T01:05:28.596+10:00,huobi,5059.6842,0.028776000000000003
egldusdt,2024-09-21T01:05:28.595+10:00,huobi,2.4809,28.218983655125147
bcutusdt,2024-09-21T01:05:28.590+10:00,kucoin,471.6551,0.02499
rlyusdt,2024-09-21T01:05:28.603+10:00,huobi,2102.29,0.005955
iousdt,2024-09-21T01:05:28.608+10:00,mexc,69.02,2.173
uniusdt,2024-09-21T01:05:28.600+10:00,binance,33.35,6.895
wldusdt,2024-09-21T01:05:28.589+10:00,bybit,1013.8899999999999,1.6771667587213606
wldusdt,2024-09-21T01:05:28.589+10:00,bybit,1013.8899999999999,1.6771667587213606
babydogeusdt,2024-09-21T01:05:28.648+10:00,huobi,3.457216940368E10,2.314E-9
wifusdt,2024-09-21T01:05:28.659+10:00,mexc,267.59000000000003,1.8380104637691992
minausdt,2024-09-21T01:05:28.663+10:00,huobi,263.7672,0.50738032276189
wsdmusdt,2024-09-21T01:05:28.663+10:00,huobi,3732.5829000000003,0.022813956932905628
yfiiusdt,2024-09-21T01:05:28.674+10:00,huobi,0.2678,363.5235425317401
hbarusdt,2024-09-21T01:05:28.679+10:00,huobi,2497.06,0.05337999999999999
boringusdt,2024-09-21T01:05:28.682+10:00,huobi,13525.59,0.001913000799225764
bicousdt,2024-09-21T01:05:28.700+10:00,huobi,125.2089,0.2396
masausdt,2024-09-21T01:05:28.704+10:00,huobi,1025.253,0.06597
babydogeusdt,2024-09-21T01:05:28.707+10:00,mexc,3.744324911E9,2.3125E-9
gmeeusdt,2024-09-21T01:05:28.734+10:00,huobi,6548.5372,0.013826856591911857
zeususdt,2024-09-21T01:05:28.725+10:00,poloniex,436886.19999999995,1.893342348648229E-5
uftusdt,2024-09-21T01:05:28.737+10:00,binance,313.0,0.2339
sandusdt,2024-09-21T01:05:28.733+10:00,poloniex,1072.6148,0.27294534242861457
womusdt,2024-09-21T01:05:28.749+10:00,mexc,192.37,0.006551
tngospwstetheth,2024-09-21T01:05:27.000+10:00,balancerarbitrum,1.0E-13,1.177168592371899
dogsusdt,2024-09-21T01:05:28.742+10:00,kucoin,1501.0,0.001009
xecusdt,2024-09-21T01:05:28.759+10:00,huobi,2089819.68,3.3495713554578065E-5
ufousdt,2024-09-21T01:05:28.757+10:00,mexc,6087691.76,4.1409999999999993E-7
deeznutsusdt,2024-09-21T01:05:28.773+10:00,mexc,5074.37,2.27E-4
deeznutsusdt,2024-09-21T01:05:28.773+10:00,mexc,5011.39,2.26E-4
deeznutsusdt,2024-09-21T01:05:28.773+10:00,mexc,1074.95,2.25E-4
phausdt,2024-09-21T01:05:28.785+10:00,huobi,443.8805,0.112643
bbusdt,2024-09-21T01:05:28.796+10:00,binance,2356.7999999999997,0.3658213594704684
c98usdt,2024-09-21T01:05:28.809+10:00,huobi,298.2852,0.1341
ksmusdt,2024-09-21T01:05:28.826+10:00,huobi,5.664,21.221066666666665
sagausdt,2024-09-21T01:05:28.816+10:00,binance,12.2,2.430044262295082
adausdt,2024-09-21T01:05:28.829+10:00,huobi,2101.8185000000003,0.3606858569021063
omniusdt,2024-09-21T01:05:28.834+10:00,huobi,49.479,9.216153788880131
navxusdt,2024-09-21T01:05:28.835+10:00,huobi,1529.625,0.09219105688126174
zkusdt,2024-09-21T01:05:28.842+10:00,huobi,1557.7735,0.1279
enjusdt,2024-09-21T01:05:28.695+10:00,bibox,295.8295,0.1550948309752746
vibusdt,2024-09-21T01:05:28.840+10:00,binance,409.0,0.0725
forusdt,2024-09-21T01:05:28.853+10:00,huobi,6822.65,0.003745994314525881
aptusdt,2024-09-21T01:05:28.837+10:00,poloniex,4.1228,6.817
winusdt,2024-09-21T01:05:28.841+10:00,poloniex,8333227.599999999,9.122644421940427E-5
btcusdt,2024-09-21T01:05:28.849+10:00,binance,0.06945000000000001,63893.745075593935
clvusdt,2024-09-21T01:05:28.875+10:00,huobi,2460.9173,0.04365662428802463
aipadusdt,2024-09-21T01:05:28.875+10:00,kucoin,1288.6379,0.05414000000000001
ceekusdt,2024-09-21T01:05:28.889+10:00,huobi,414.0732,0.0316
kavausdt,2024-09-21T01:05:28.890+10:00,binance,772.3,0.40030199404376543
mantausdt,2024-09-21T01:05:28.906+10:00,huobi,137.9214,0.7910984064836929
celousdt,2024-09-21T01:05:28.904+10:00,huobi,135.09629999999999,0.5275438699653507
nakausdt,2024-09-21T01:05:28.892+10:00,poloniex,1197.28,0.9612999999999999
prclusdt,2024-09-21T01:05:28.864+10:00,okex,2647.733,0.23800557960338148
ltcusdt,2024-09-21T01:05:28.873+10:00,okex,0.367046,66.2
tomiusdt,2024-09-21T01:05:28.927+10:00,mexc,488.0,0.0518
wldusdt,2024-09-21T01:05:28.914+10:00,poloniex,206.25218999999998,1.6416039946048573
idexusdt,2024-09-21T01:05:28.934+10:00,huobi,2587.8282,0.04270000000000001
frmusdt,2024-09-21T01:05:28.928+10:00,kucoin,416.9435,0.01886
duskusdt,2024-09-21T01:05:28.926+10:00,binance,3745.0,0.22995692923898536
uxlinkusdt,2024-09-21T01:05:28.889+10:00,okex,400.47,0.6686000000000001
ltcusdt,2024-09-21T01:05:28.925+10:00,poloniex,3.8008859999999998,66.14408333504346
galausd,2024-09-21T01:05:28.000+10:00,bitstamp,1000.0,0.020369999999999996
stptusdt,2024-09-21T01:05:28.937+10:00,binance,1807.8999999999999,0.047097838376016374
magicusdt,2024-09-21T01:05:28.949+10:00,huobi,544.5461,0.37904707770379775
mxusdt,2024-09-21T01:05:28.936+10:00,mexc,177.53000000000003,3.9881375711147404
opusdt,2024-09-21T01:05:28.955+10:00,huobi,515.6596000000001,1.6831158086846436
opusdt,2024-09-21T01:05:28.936+10:00,mexc,149.72,1.683
unbusdt,2024-09-21T01:05:28.943+10:00,mexc,6687.02,3.771E-4
sklusdt,2024-09-21T01:05:28.959+10:00,mexc,1781.62,0.03626
uxlinkusdt,2024-09-21T01:05:28.949+10:00,kucoin,34.47,0.6694
zcxusdt,2024-09-21T01:05:28.977+10:00,huobi,672.948,0.0743
eurusdt,2024-09-21T01:05:28.967+10:00,binance,902.0,1.116624423503326
bondusdt,2024-09-21T01:05:28.959+10:00,gateio,3060.643,2.402397579854952
dexeusdt,2024-09-21T01:05:28.970+10:00,binance,4.39,8.701
bchusdc,2024-09-21T01:05:28.990+10:00,mexc,0.03,343.59
aevousdt,2024-09-21T01:05:28.997+10:00,mexc,3.22,0.39199999999999996
cotiusd,2024-09-21T01:05:29.032+10:00,kraken,20.0,0.12289999999999998
ctxcusdt,2024-09-21T01:05:29.005+10:00,mexc,7.47,0.1688
cotitry,2024-09-21T01:05:28.999+10:00,binance,2171.0,4.189
cotiusdt,2024-09-21T01:05:29.007+10:00,mexc,126.0,0.1229
lokausdt,2024-09-21T01:05:29.011+10:00,huobi,171.6004,0.2331
ctxcusdt,2024-09-21T01:05:29.009+10:00,binance,51.0,0.1687
linkbtc,2024-09-21T01:05:29.095+10:00,gdax,9.58,1.8187984342379958E-4
vrausdt,2024-09-21T01:05:29.022+10:00,huobi,20008.2672,0.003915
gameusdt,2024-09-21T01:05:29.034+10:00,huobi,3357.4756,0.003671
dodousdt,2024-09-21T01:05:29.036+10:00,huobi,582.5555,0.1288664900425796
ethusdt,2024-09-21T01:05:29.043+10:00,mexc,2.39791,2542.3313083893886
tngospcrvusdusdt,2024-09-21T01:05:28.000+10:00,curvefiarbitrum,1.0E-13,0.9955552751947396
tngospwstetheth,2024-09-21T01:05:23.000+10:00,balancer,1.0E-13,1.178856175868296
agldusdt,2024-09-21T01:05:29.056+10:00,binance,89.2,0.904
wldusdt,2024-09-21T01:05:29.061+10:00,binance,13502.1,1.6769993852808083
driftusdt,2024-09-21T01:05:29.079+10:00,huobi,498.1908,0.7423741440026592
tngospageurusdc,2024-09-21T01:05:27.000+10:00,uniswapv3arbitrum,1.0E-13,1.1133449746335529
pixelusdt,2024-09-21T01:05:29.082+10:00,huobi,669.7499,0.1477
taotry,2024-09-21T01:05:29.080+10:00,binance,1.7485000000000002,14608.756934515297
usdtcop,2024-09-21T01:05:29.061+10:00,binance,14.0,4093.0
usdtcop,2024-09-21T01:05:29.061+10:00,binance,14.0,4093.0
uxlinkusdt,2024-09-21T01:05:29.074+10:00,mexc,1.89,0.6686
mogusdt,2024-09-21T01:05:29.076+10:00,mexc,1010021.0,1.2476E-6
woousdt,2024-09-21T01:05:29.096+10:00,huobi,224.96,0.17784
wlknusdt,2024-09-21T01:05:29.102+10:00,huobi,40941.6584,9.77E-4
oraiusdt,2024-09-21T01:05:29.086+10:00,kucoin,0.1412,5.832
aitechusdt,2024-09-21T01:05:29.114+10:00,huobi,5872.8907,0.08089
wusdt,2024-09-21T01:05:29.113+10:00,huobi,4536.3958,0.23972148270439717
arbusdt,2024-09-21T01:05:29.110+10:00,poloniex,303.5175,0.5734459493109954
1inchusdt,2024-09-21T01:05:29.126+10:00,huobi,1127.0625,0.27391784997708646
btcusdt,2024-09-21T01:05:29.115+10:00,kucoin,0.10132215999999998,63881.020903758894
latusdt,2024-09-21T01:05:29.128+10:00,huobi,4297.72,0.008785663167912289
kineusdt,2024-09-21T01:05:29.122+10:00,mexc,100.45,0.11296
monusdt,2024-09-21T01:05:29.129+10:00,huobi,1280.7366,0.1404494290004674
sdaousdt,2024-09-21T01:05:29.145+10:00,huobi,60.4352,0.3031
cvxusdt,2024-09-21T01:05:28.903+10:00,okex,0.278789,2.117
nearusdt,2024-09-21T01:05:29.137+10:00,poloniex,31.472360000000002,4.4404854933026945
amplusd,2024-09-21T01:05:29.175+10:00,bitfinex,24.194037,1.2595
prclusdt,2024-09-21T01:05:29.004+10:00,okex,737.307,0.23781682867516518
cotitry,2024-09-21T01:05:29.146+10:00,binance,811.0,4.195
forusdt,2024-09-21T01:05:29.068+10:00,bibox,718.9384,0.003721152475093833
atomusdt,2024-09-21T01:05:29.072+10:00,okex,4.8,4.5740625
enjusdt,2024-09-21T01:05:29.007+10:00,bibox,243.58319999999998,0.15507227321096037
mapousdt,2024-09-21T01:05:29.164+10:00,huobi,14974.555199999999,0.010296
tiausdt,2024-09-21T01:05:29.154+10:00,binance,186.47,6.1969785488282305
wifusdt,2024-09-21T01:05:29.160+10:00,mexc,161.34,1.8376021445394817
filusdt,2024-09-21T01:05:29.161+10:00,mexc,0.331,3.811
zeususdt,2024-09-21T01:05:29.155+10:00,poloniex,52910.1,1.89E-5
bsvusdt,2024-09-21T01:05:29.178+10:00,huobi,3.598,49.66320000000001
wldusdt,2024-09-21T01:05:29.189+10:00,huobi,239.2333,1.676037080540209
tngospcrvusdusdc,2024-09-21T01:05:28.000+10:00,curvefiarbitrum,1.0E-13,0.9956311568473004
ethwusdt,2024-09-21T01:05:29.190+10:00,huobi,8.3366,2.1736
renusdt,2024-09-21T01:05:29.197+10:00,huobi,3331.66,0.042021712083465904
sundogusdt,2024-09-21T01:05:29.199+10:00,huobi,4411.5998,0.335643298028756
bnbusdt,2024-09-21T01:05:29.189+10:00,binance,3.755,574.9986950732357
wifbtc,2024-09-21T01:05:29.191+10:00,binance,328.21999999999997,2.8763865090488084E-5
trxusdt,2024-09-21T01:05:29.189+10:00,poloniex,3339.830000000001,0.15245
uniusdt,2024-09-21T01:05:29.205+10:00,huobi,113.44449999999999,6.899253193059161
ordiusdt,2024-09-21T01:05:29.162+10:00,okex,0.4,35.117999999999995
tsugtusdt,2024-09-21T01:05:29.244+10:00,mexc,3313.0,0.0032700000000000003
gtaiusdt,2024-09-21T01:05:29.267+10:00,huobi,194.51690000000002,0.4958490377442783
1000satsusdt,2024-09-21T01:05:29.259+10:00,binance,7172192.0,3.1059337633459897E-4
xcnusdt,2024-09-21T01:05:29.274+10:00,huobi,66030.8148,0.0013630000000000003
dexeusdt,2024-09-21T01:05:29.282+10:00,huobi,4.6048,8.6873
hbbusdt,2024-09-21T01:05:29.292+10:00,huobi,506.32,0.0741
grapeusdt,2024-09-21T01:05:29.287+10:00,kucoin,20814.0,8.644474392235996E-4
usdttry,2024-09-21T01:05:29.305+10:00,binance,1136.0,34.00790492957747
dkausdt,2024-09-21T01:05:29.318+10:00,huobi,683.53,0.020515
usdttry,2024-09-21T01:05:29.305+10:00,binance,1136.0,34.00790492957747
polcusdt,2024-09-21T01:05:29.323+10:00,huobi,1840.3191,0.007007
solfdusd,2024-09-21T01:05:29.314+10:00,binance,56.839,148.664656309928
mewusdt,2024-09-21T01:05:29.332+10:00,mexc,29668.68,0.005553
bonkusdt,2024-09-21T01:05:29.326+10:00,binance,2.7722062E7,1.8479759835686104E-5
tenetusdt,2024-09-21T01:05:29.359+10:00,huobi,22144.9014,0.004461999999999999
tiausdt,2024-09-21T01:05:29.309+10:00,okex,267.7116,6.193931583838729
bnbusdt,2024-09-21T01:05:29.368+10:00,mexc,0.22999999999999998,574.9960869565218
polcusdt,2024-09-21T01:05:29.374+10:00,huobi,7162.8658,0.007039
pepeusdt,2024-09-21T01:05:29.365+10:00,binance,1.79089637E8,8.29303156558411E-6
pepeusdt,2024-09-21T01:05:29.375+10:00,huobi,2.2447328009E8,8.295320916278736E-6
linkfdusd,2024-09-21T01:05:29.372+10:00,binance,15.68,11.63
tomiusdt,2024-09-21T01:05:29.384+10:00,mexc,976.0,0.05189004303278688
pbxusdt,2024-09-21T01:05:29.392+10:00,mexc,102.01,0.118
pbxusdt,2024-09-21T01:05:29.392+10:00,mexc,101.57,0.11849999999999998
pbxusdt,2024-09-21T01:05:29.392+10:00,mexc,101.15,0.11899999999999998
icpusdt,2024-09-21T01:05:29.386+10:00,poloniex,73.98122,8.317696601921408
ladysusdt,2024-09-21T01:05:29.420+10:00,mexc,1.9940179E7,1.0029E-7
xvgusdt,2024-09-21T01:05:29.425+10:00,huobi,4854.369,0.00412
dodousdt,2024-09-21T01:05:29.441+10:00,binance,791.7,0.129
chzusdt,2024-09-21T01:05:29.453+10:00,mexc,22.13,0.0569
orbskrw,2024-09-21T01:05:29.414+10:00,upbit,659.69325153,33.11
nknusdt,2024-09-21T01:05:29.460+10:00,huobi,261.03,0.074775
boringusdt,2024-09-21T01:05:29.460+10:00,huobi,6764.53,0.001914
prclusdt,2024-09-21T01:05:29.466+10:00,huobi,451.313,0.2372
okbusdt,2024-09-21T01:05:29.431+10:00,okex,189.296873,40.63
csixusdt,2024-09-21T01:05:29.488+10:00,huobi,11087.5402,0.017602
fttusdt,2024-09-21T01:05:29.478+10:00,binance,8.0,1.3221
oxtusdt,2024-09-21T01:05:29.476+10:00,mexc,77.47,0.07905
tomiusdt,2024-09-21T01:05:29.485+10:00,mexc,488.0,0.0512
pandousdt,2024-09-21T01:05:29.487+10:00,huobi,195704.4066,1.3500637933719375E-4
foxyusdt,2024-09-21T01:05:29.444+10:00,okex,46520.840000000004,0.008798796268726013
pepeusdt,2024-09-21T01:05:29.501+10:00,mexc,2.1426128E7,8.293208329708475E-6
wifusdt,2024-09-21T01:05:29.494+10:00,kucoin,10.0894,1.8382
rsrusdt,2024-09-21T01:05:29.504+10:00,binance,888297.5999999999,0.006702559462954757
bananausdt,2024-09-21T01:05:29.534+10:00,huobi,1.4707,40.0523
mntusdt,2024-09-21T01:05:29.509+10:00,bybit,6767.74,0.6128640352614019
mntusdt,2024-09-21T01:05:29.509+10:00,bybit,6767.74,0.6128640352614019
oceanusd,2024-09-21T01:05:29.608+10:00,gdax,709.5,0.6868661592670895
ethfiusdt,2024-09-21T01:05:29.553+10:00,huobi,637.3910999999999,1.564171895905042
eosbtc,2024-09-21T01:05:29.537+10:00,binance,40.3,8.09E-6
sushiusd,2024-09-21T01:05:29.632+10:00,gdax,165.87,0.6869
arkusdt,2024-09-21T01:05:29.560+10:00,mexc,20.16,0.3735
btcusdc,2024-09-21T01:05:29.556+10:00,mexc,4.15E-4,63911.53308433735
ssvusdt,2024-09-21T01:05:29.568+10:00,huobi,8.2402,23.630540621586857
shibusdt,2024-09-21T01:05:29.561+10:00,binance,4.46899029E8,1.4479958017675621E-5
forusdt,2024-09-21T01:05:29.570+10:00,huobi,3401.11,0.003737
oneusdt,2024-09-21T01:05:29.579+10:00,huobi,3725.8,0.01342
pepetry,2024-09-21T01:05:29.581+10:00,binance,62300.0,2.8193E-4
stcusdt,2024-09-21T01:05:29.589+10:00,huobi,254.8156,0.0472
pendleusdt,2024-09-21T01:05:29.591+10:00,huobi,112.2816,3.590152297794118
tngospwstetheth,2024-09-21T01:05:28.000+10:00,balancerarbitrum,1.0E-13,1.177168592371899
dogsusdt,2024-09-21T01:05:29.594+10:00,binance,6382770.0,0.0010102101592882084
sunusdt,2024-09-21T01:05:29.612+10:00,huobi,1894.69,0.025767
wanusdt,2024-09-21T01:05:29.607+10:00,binance,2456.0,0.17957528501628664
masausdt,2024-09-21T01:05:29.621+10:00,huobi,2368.9327000000003,0.06607617272453539
maxusdt,2024-09-21T01:05:29.615+10:00,kucoin,147.1,0.33478
ethusdc,2024-09-21T01:05:29.619+10:00,mexc,0.00825,2541.5729818181817
trbusdt,2024-09-21T01:05:29.630+10:00,huobi,0.5844,68.4554
sweatusdt,2024-09-21T01:05:29.635+10:00,huobi,9354.5101,0.007277541139465978
adagbp,2024-09-21T01:05:29.699+10:00,gdax,1508.49,0.2714081260068015
boringusdt,2024-09-21T01:05:29.630+10:00,mexc,5956.76,0.001924
prclusdt,2024-09-21T01:05:29.640+10:00,huobi,453.1681,0.2376
fireusdt,2024-09-21T01:05:29.629+10:00,kucoin,3.262,1.56176
fttusdt,2024-09-21T01:05:29.644+10:00,huobi,106.9417,1.3218
omniusdt,2024-09-21T01:05:29.644+10:00,binance,1.16,9.21
aptusdt,2024-09-21T01:05:29.652+10:00,binance,7.28,6.83
perpusdt,2024-09-21T01:05:29.679+10:00,huobi,43.4163,0.6803
suiusdt,2024-09-21T01:05:29.674+10:00,binance,6079.299999999999,1.4302001200796148
gmxusdt,2024-09-21T01:05:29.678+10:00,mexc,0.1,25.51
suiusdt,2024-09-21T01:05:29.674+10:00,binance,11588.800000000001,1.4285182771296423
suiusdc,2024-09-21T01:05:29.678+10:00,binance,1243.1,1.4297977475665677
floki2usdt,2024-09-21T01:05:29.676+10:00,binance,923041.0,1.3666959620428564E-4
fxusdt,2024-09-21T01:05:29.700+10:00,huobi,419.3202,0.1397
suiusdt,2024-09-21T01:05:29.691+10:00,mexc,75.56,1.4308361037586024
blzeur,2024-09-21T01:05:29.737+10:00,kraken,16.53029,0.13916
grtusdt,2024-09-21T01:05:29.698+10:00,poloniex,1543.9232,0.15489999999999998
rsrusdt,2024-09-21T01:05:29.664+10:00,okex,29849.178437000002,0.006702003350175959
suibnb,2024-09-21T01:05:29.678+10:00,binance,287.0,0.0024904728222996516
orbsusdt,2024-09-21T01:05:29.702+10:00,huobi,402.3336,0.024855
wbtcusdt,2024-09-21T01:05:29.716+10:00,binance,1.0E-4,63776.91
suifdusd,2024-09-21T01:05:29.678+10:00,binance,979.2,1.4304653696895422
suibtc,2024-09-21T01:05:29.680+10:00,binance,870.0999999999999,2.236844385702793E-5
swftcusdt,2024-09-21T01:05:29.737+10:00,huobi,20042.549,0.003510368461426738
ceekusdt,2024-09-21T01:05:29.742+10:00,huobi,417.1558,0.0318
suiusdt,2024-09-21T01:05:29.693+10:00,okex,1871.8021999999999,1.4304576394076256
suiusdt,2024-09-21T01:05:29.697+10:00,okex,10097.3974,1.4290496067343061
suieur,2024-09-21T01:05:29.680+10:00,binance,282.0,1.2820192198581561
zerousdt,2024-09-21T01:05:29.751+10:00,huobi,585.2473,0.1295
suiusdt,2024-09-21T01:05:29.704+10:00,okex,5109.3229,1.4273776988179785
trxusdt,2024-09-21T01:05:29.723+10:00,bybit,20943.39,0.1525334125277713
trxusdt,2024-09-21T01:05:29.723+10:00,bybit,20943.39,0.1525334125277713
pbuxusdt,2024-09-21T01:05:29.761+10:00,huobi,2284.9,0.02298
usdtusdc,2024-09-21T01:05:29.715+10:00,okex,99.567,1.0003
balusdt,2024-09-21T01:05:29.766+10:00,huobi,25.1,1.9934000000000003
solusdt,2024-09-21T01:05:29.724+10:00,okex,2.219207,148.6045179652011
suikrw,2024-09-21T01:05:29.748+10:00,upbit,1559.98331178,1905.7037445596306
tngospageurusdc,2024-09-21T01:05:28.000+10:00,uniswapv3arbitrum,1.0E-13,1.1133449746335529
storjusdt,2024-09-21T01:05:29.798+10:00,huobi,260.3884,0.4102846489321337
suikrw,2024-09-21T01:05:29.768+10:00,upbit,52.54860746,1902.9999999999998
solusdt,2024-09-21T01:05:29.788+10:00,poloniex,3.308072,148.51464030649873
suikrw,2024-09-21T01:05:29.769+10:00,upbit,2097.5353962,1903.000000000286
suikrw,2024-09-21T01:05:29.769+10:00,upbit,79.23783772,1903.0
fetusd,2024-09-21T01:05:29.887+10:00,gdax,7733.4,1.5924513344712545
latusdt,2024-09-21T01:05:29.823+10:00,huobi,1436.89,0.008794
forusdt,2024-09-21T01:05:29.686+10:00,bibox,439.4479,0.003751027504967028
mblusdt,2024-09-21T01:05:29.832+10:00,huobi,17981.2414,0.002777251901311998
tngospageurusdc,2024-09-21T01:05:29.000+10:00,uniswapv3polygon,1.0E-13,1.1133262427283162
sunusdt,2024-09-21T01:05:29.835+10:00,poloniex,18283.46,0.025770566508035133
tnsrusdt,2024-09-21T01:05:29.856+10:00,huobi,528.1043000000001,0.3889436602201496
diausdt,2024-09-21T01:05:29.858+10:00,huobi,118.7866,0.3663
borakrw,2024-09-21T01:05:29.826+10:00,upbit,8606.16948909,121.4
dprusdt,2024-09-21T01:05:29.857+10:00,mexc,867.18,0.0014520000000000002
xdefiusdt,2024-09-21T01:05:29.867+10:00,huobi,681.4438,0.0545
zkusdt,2024-09-21T01:05:29.870+10:00,huobi,3505.5547,0.12805552907218934
prclusdt,2024-09-21T01:05:29.873+10:00,huobi,450.2415,0.2372
linkusdt,2024-09-21T01:05:29.947+10:00,gdax,43.062999999999995,11.620009520934445
phbusdt,2024-09-21T01:05:29.874+10:00,huobi,35.8555,1.3945
shibusdt,2024-09-21T01:05:29.859+10:00,poloniex,5.7180167E7,1.4468826606382597E-5
xecusdt,2024-09-21T01:05:29.860+10:00,binance,1582198.0,3.349848999935533E-5
ethwusdt,2024-09-21T01:05:29.829+10:00,okex,405.5168,2.183607395550567
oasusdt,2024-09-21T01:05:29.883+10:00,huobi,935.6500000000001,0.040457689435152024
ethwusdt,2024-09-21T01:05:29.829+10:00,okex,1262.4765,2.1807125780955134
ethwusdt,2024-09-21T01:05:29.829+10:00,okex,1815.7422,2.177307605231624
atomusdc,2024-09-21T01:05:29.875+10:00,binance,77.68,4.575209191555097
sxpusdt,2024-09-21T01:05:29.878+10:00,binance,3588.7,0.3323783069077939
vsysusdt,2024-09-21T01:05:29.905+10:00,mexc,42715.28,4.5890000000000004E-4
arkusdt,2024-09-21T01:05:29.895+10:00,binance,1270.0,0.37338055118110236
manausdt,2024-09-21T01:05:29.907+10:00,huobi,380.07,0.3005
riousdt,2024-09-21T01:05:29.910+10:00,huobi,92.7628,1.0291528711940563
sntusdt,2024-09-21T01:05:29.913+10:00,huobi,999.0054,0.023388
filusdt,2024-09-21T01:05:29.924+10:00,huobi,115.3443,3.8102406958991475
cetususdt,2024-09-21T01:05:29.894+10:00,okex,24665.3951,0.09857701839282518
steemusdt,2024-09-21T01:05:29.932+10:00,poloniex,6024.5149,0.18215213584964318
zcxusdt,2024-09-21T01:05:29.953+10:00,mexc,261.73,0.07415
zcxusdt,2024-09-21T01:05:29.953+10:00,mexc,363.27,0.07446
dogeusdt,2024-09-21T01:05:29.905+10:00,okex,1645.31054,0.10686605726542055
pushbtc,2024-09-21T01:05:29.945+10:00,kucoin,14.16,1.06E-6
tngospcrvusdusdt,2024-09-21T01:05:28.000+10:00,curvefiarbitrum,1.0E-13,0.9955552751947396
agldusdt,2024-09-21T01:05:29.958+10:00,binance,482.40000000000003,0.9030462271973465
wifusdt,2024-09-21T01:05:29.964+10:00,binance,2538.14,1.8382837353337487
fetusdt,2024-09-21T01:05:29.972+10:00,binance,1009.4,1.591964632454924
arkusdt,2024-09-21T01:05:29.975+10:00,binance,1478.0,0.3729781461434371
fetusdc,2024-09-21T01:05:29.974+10:00,binance,294.6,1.59157094365241
hegicusdt,2024-09-21T01:05:29.998+10:00,mexc,696.6899999999999,0.020606955044567887
sbrsol,2024-09-21T01:05:10.000+10:00,raydium,10343.607442,9.852622169920125E-6
solusdc,2024-09-21T01:05:10.000+10:00,orca,2.733982204,148.60786453019645
hegicusdt,2024-09-21T01:05:29.998+10:00,mexc,795.6,0.020432999999999996
hegicusdt,2024-09-21T01:05:29.998+10:00,mexc,608.56,0.020316
pundixusdt,2024-09-21T01:05:29.999+10:00,binance,2399.3,0.42477386321010296
mxcusdt,2024-09-21T01:05:30.021+10:00,huobi,4917.1,0.0071913027109475084
suiusdt,2024-09-21T01:05:30.028+10:00,huobi,2195.2994000000003,1.4310915174895964
dopusdt,2024-09-21T01:05:30.037+10:00,huobi,131725.7214,0.00291
ethwusdt,2024-09-21T01:05:29.990+10:00,okex,1493.1376,2.1753329475461607
gameusdt,2024-09-21T01:05:30.042+10:00,huobi,45152.8545,0.0036737416534429732
arkusdt,2024-09-21T01:05:30.034+10:00,binance,289.0,0.3724854671280277
suitry,2024-09-21T01:05:30.039+10:00,binance,43.0,48.53999999999999
msnusdt,2024-09-21T01:05:30.047+10:00,mexc,11.15,0.11290000000000001
masausdt,2024-09-21T01:05:30.052+10:00,huobi,1085.8402,0.06593
cotitry,2024-09-21T01:05:30.042+10:00,binance,6191.0,4.198562752382491
ordiusdt,2024-09-21T01:05:30.053+10:00,huobi,8.8675,35.15892289822385
enjusdt,2024-09-21T01:05:29.927+10:00,bibox,650.137,0.15512378594050177
btcfdusd,2024-09-21T01:05:30.057+10:00,binance,1.319079999999999,63924.78863980963
dkausdt,2024-09-21T01:05:30.067+10:00,huobi,694.41,0.020258
icpusdt,2024-09-21T01:05:30.018+10:00,okex,315.515754,8.327856332486016
busdusdt,2024-09-21T01:05:26.000+10:00,pancakeswapv3,93.7691887498592,1.001262894963602
darusdt,2024-09-21T01:05:30.066+10:00,mexc,12.11,0.1651
nexousdt,2024-09-21T01:05:30.083+10:00,huobi,28.98,1.0357
achusdt,2024-09-21T01:05:30.072+10:00,binance,1342.0,0.02011
audiousdt,2024-09-21T01:05:30.082+10:00,huobi,378.788,0.132
velousdt,2024-09-21T01:05:30.090+10:00,huobi,14560.570600000001,0.01595751786854424
busdusdt,2024-09-21T01:05:26.000+10:00,pancakeswapv3,95.00348305639493,1.0012629246402707
dprusdt,2024-09-21T01:05:30.083+10:00,kucoin,19722.8589,0.0014248365084536501
steemusdt,2024-09-21T01:05:30.099+10:00,mexc,50.8,0.1816
arkusdt,2024-09-21T01:05:30.102+10:00,mexc,26.66,0.3728
batusdt,2024-09-21T01:05:30.096+10:00,mexc,28.72,0.1877
tngospcrvusdusdc,2024-09-21T01:05:28.000+10:00,curvefiarbitrum,1.0E-13,0.9956311568473004
klayusdt,2024-09-21T01:05:30.055+10:00,okex,1786.07027,0.13795871076908972
klayusdt,2024-09-21T01:05:30.064+10:00,okex,10.0,0.1381
manekiusdt,2024-09-21T01:05:30.121+10:00,huobi,35219.9412,0.0065646634231689175
arusdt,2024-09-21T01:05:30.122+10:00,huobi,2.94,20.767
cotitry,2024-09-21T01:05:30.126+10:00,binance,372.0,4.194
axsusdt,2024-09-21T01:05:30.141+10:00,huobi,35.6424,5.031853686339865
bchusdt,2024-09-21T01:05:30.137+10:00,poloniex,1.6189000000000004,344.0669097226511
adausdt,2024-09-21T01:05:30.152+10:00,binance,41.5,0.3607
suiusdt,2024-09-21T01:05:30.147+10:00,poloniex,220.26100000000002,1.4207208813180727
solusdc,2024-09-21T01:05:09.000+10:00,meteora,0.096631866,148.61019034859578
aergousdt,2024-09-21T01:05:30.178+10:00,binance,18417.0,0.11524941630015746
sweatusdt,2024-09-21T01:05:30.196+10:00,huobi,1704.6818,0.007271
arkmusdt,2024-09-21T01:05:30.186+10:00,binance,372.19999999999993,1.2062713594841488
wethusdc,2024-09-21T01:05:11.000+10:00,uniswapv3,1.6,2539.889426875
mewusdt,2024-09-21T01:05:30.148+10:00,okex,15043.0,0.005551000000000001
bonksol,2024-09-21T01:05:09.000+10:00,orca,1.353473689457E7,1.2431968845105928E-7
prclusdt,2024-09-21T01:05:30.152+10:00,okex,1100.547,0.23806484157423535
syntusdt,2024-09-21T01:05:30.205+10:00,huobi,3235.4432,0.062382418897355386
sarosusdt,2024-09-21T01:05:30.213+10:00,huobi,136376.6274,0.0015544450524027256
ethwusdt,2024-09-21T01:05:30.213+10:00,huobi,23.9712,2.1819
availusdt,2024-09-21T01:05:30.215+10:00,huobi,304.2665,0.14791
qtumbtc,2024-09-21T01:05:30.134+10:00,mexc,0.218,3.86E-5
yggusdt,2024-09-21T01:05:30.221+10:00,huobi,235.6774,0.4682724695706928
pandousdt,2024-09-21T01:05:30.225+10:00,huobi,98553.4783,1.37E-4
forusdt,2024-09-21T01:05:29.993+10:00,bibox,117.5558,0.003738
renderusdt,2024-09-21T01:05:30.238+10:00,mexc,10.19,5.352
mocausdt,2024-09-21T01:05:30.250+10:00,huobi,3639.9182,0.10836691035611735
dydxusdt,2024-09-21T01:05:30.203+10:00,okex,36.971287000000004,0.9822486087676634
snsusdt,2024-09-21T01:05:30.247+10:00,kucoin,3294.989,0.0210794542221537
oneusdt,2024-09-21T01:05:30.250+10:00,binance,32671.8,0.01341
notusdt,2024-09-21T01:05:30.252+10:00,binance,100398.0,0.0081
oneusdt,2024-09-21T01:05:30.254+10:00,binance,137247.7,0.01341814675218601
renderusdt,2024-09-21T01:05:30.259+10:00,binance,23.849999999999998,5.352
oneusdt,2024-09-21T01:05:30.263+10:00,binance,187136.1,0.013436490516794993
xrpusdt,2024-09-21T01:05:30.272+10:00,huobi,1034.48,0.5899263002668006
renderusdt,2024-09-21T01:05:30.266+10:00,kucoin,1.23,5.349
fdusdusdt,2024-09-21T01:05:30.270+10:00,binance,2783.0,0.9996002874595762
sfundusdt,2024-09-21T01:05:30.272+10:00,kucoin,33.1592,1.1707491374942702
polsusdt,2024-09-21T01:05:30.272+10:00,huobi,116.6864,0.3428
onebtc,2024-09-21T01:05:30.267+10:00,binance,45271.0,2.1E-7
crvusdt,2024-09-21T01:05:30.285+10:00,huobi,1563.0975,0.28717420998370224
oneusdt,2024-09-21T01:05:30.267+10:00,binance,15319.3,0.01343
arbusdt,2024-09-21T01:05:30.301+10:00,huobi,167.4955,0.584
oneusdt,2024-09-21T01:05:30.269+10:00,binance,56287.2,0.013415555294987138
dagusdt,2024-09-21T01:05:30.307+10:00,mexc,3420.36,0.02069
oneusdt,2024-09-21T01:05:30.276+10:00,binance,113606.1,0.013412211853060706
lptusdt,2024-09-21T01:05:30.319+10:00,huobi,4.2493,13.893
ckbusdt,2024-09-21T01:05:30.322+10:00,huobi,16628.18,0.017424677601517422
upousdt,2024-09-21T01:05:30.316+10:00,kucoin,130.8,0.03422
renderusdt,2024-09-21T01:05:30.280+10:00,okex,1.252,5.352
bnbusdt,2024-09-21T01:05:30.336+10:00,huobi,1.1273,574.8347653685798
linausdt,2024-09-21T01:05:30.327+10:00,binance,7760.0,0.004265
oneusdt,2024-09-21T01:05:30.350+10:00,binance,82415.79999999999,0.013440457849101754
oneusdt,2024-09-21T01:05:30.351+10:00,binance,49693.2,0.01343
oneusdt,2024-09-21T01:05:30.354+10:00,binance,207636.69999999998,0.013417252186150138
usdcgbp,2024-09-21T01:05:30.402+10:00,kraken,6.097833,0.7521
linkeur,2024-09-21T01:05:30.446+10:00,gdax,0.94,10.41
enausdt,2024-09-21T01:05:30.389+10:00,huobi,945.9081,0.25561236226965395
linkgbp,2024-09-21T01:05:30.416+10:00,kraken,0.52409798,8.741
avaxtry,2024-09-21T01:05:30.407+10:00,binance,93.35000000000001,954.8754793786824
blzusdt,2024-09-21T01:05:30.369+10:00,binance,31768.0,0.1560420139763284
nakausdt,2024-09-21T01:05:30.390+10:00,mexc,795.73,0.9617
ckbusdt,2024-09-21T01:05:30.417+10:00,mexc,437.09,0.017466
aevousdt,2024-09-21T01:05:30.389+10:00,huobi,1909.5198000000003,0.39293357699668785
sunusdt,2024-09-21T01:05:30.397+10:00,binance,15747.0,0.025769388454943802
bbusdt,2024-09-21T01:05:30.394+10:00,huobi,1688.6834999999999,0.365217350314609
usdtaud,2024-09-21T01:05:30.420+10:00,kraken,1715.74161887,1.4677524608850097
tngospwstetheth,2024-09-21T01:05:29.000+10:00,balancerarbitrum,1.0E-13,1.177168592371899
avaxusdt,2024-09-21T01:05:30.450+10:00,huobi,26.7558,28.048305864149086
dfusdt,2024-09-21T01:05:30.465+10:00,mexc,64.73,0.03314
shrusdt,2024-09-21T01:05:30.452+10:00,kucoin,39067.8353,0.0013993888499499228
reefusdt,2024-09-21T01:05:30.475+10:00,huobi,61519.0417,0.004146859426056372
ethusdt,2024-09-21T01:05:30.472+10:00,binance,9.47129999999999,2542.3398205103877
drgnusdt,2024-09-21T01:05:30.482+10:00,huobi,20000.0,0.00123
ctausdt,2024-09-21T01:05:30.490+10:00,huobi,1541.7988,0.1148
tngospageurusdc,2024-09-21T01:05:29.000+10:00,uniswapv3arbitrum,1.0E-13,1.1133449746335529
ethusd,2024-09-21T01:05:30.567+10:00,gdax,3.3591956800000005,2542.4186329016406
kncusdt,2024-09-21T01:05:30.499+10:00,huobi,356.0,0.5007343230337079
appusdt,2024-09-21T01:05:30.494+10:00,kucoin,130.9546,0.002344
1catusdt,2024-09-21T01:05:30.507+10:00,huobi,93078.31270000001,0.0018755046373289056
solusdt,2024-09-21T01:05:10.000+10:00,raydium,0.089841094,148.6005279499379
racausdt,2024-09-21T01:05:30.519+10:00,huobi,175953.0792,1.705E-4
foxyusdt,2024-09-21T01:05:30.492+10:00,okex,86353.07,0.008806603032225718
ethgbp,2024-09-21T01:05:30.000+10:00,bitstamp,0.8,1912.9
auctionusdt,2024-09-21T01:05:30.549+10:00,huobi,8.4593,15.75355183880463
latusdt,2024-09-21T01:05:30.562+10:00,huobi,1445.48,0.008776
mmmusdt,2024-09-21T01:05:30.562+10:00,mexc,1945118.22,4.21E-6
ornusdt,2024-09-21T01:05:30.554+10:00,binance,4.1,1.307
baketry,2024-09-21T01:05:30.545+10:00,binance,493.0,9.17
bandusdt,2024-09-21T01:05:30.573+10:00,huobi,21.28,1.2294
ceekusdt,2024-09-21T01:05:30.583+10:00,huobi,415.6095,0.0316
cetususdt,2024-09-21T01:05:30.573+10:00,mexc,322.53,0.09859
cgptusdt,2024-09-21T01:05:30.587+10:00,huobi,653.81,0.12587
cetususdt,2024-09-21T01:05:30.573+10:00,mexc,3136.69,0.09869842190334398
cetususdt,2024-09-21T01:05:30.573+10:00,mexc,3374.47,0.10004430918040463
akrousdt,2024-09-21T01:05:30.597+10:00,huobi,4674.35,0.004399
yfiusdt,2024-09-21T01:05:30.598+10:00,huobi,0.042795,5145.459291973361
cetususdt,2024-09-21T01:05:30.573+10:00,mexc,11591.21,0.10025619012165253
cetususdt,2024-09-21T01:05:30.573+10:00,mexc,3113.0499999999997,0.10040118106037488
axsusdt,2024-09-21T01:05:30.592+10:00,mexc,1.26,5.035206349206349
sagatry,2024-09-21T01:05:30.614+10:00,binance,24.9,82.61
deeznutsusdt,2024-09-21T01:05:30.624+10:00,mexc,5218.0,2.1700000000000002E-4
jstusdt,2024-09-21T01:05:30.621+10:00,mexc,151.74,0.028530000000000003
deeznutsusdt,2024-09-21T01:05:30.624+10:00,mexc,5116.28,2.1900000000000004E-4
bttcusdt,2024-09-21T01:05:30.630+10:00,binance,1.4991669E7,9.100000000000001E-7
cfxusdt,2024-09-21T01:05:30.618+10:00,gateio,8889.749999999998,0.15130000000000005
imxusdt,2024-09-21T01:05:30.645+10:00,huobi,45.4283,1.573547198332317
tiausdt,2024-09-21T01:05:30.651+10:00,huobi,29.900699999999997,6.193754354580327
